アッゼニ,1
ウィリア,2
オールプ,3
ギュイヨ,4
コントレ,5
シュタル,6
シュミノ,7
スマレン,8
スミヨン,9
デフリー,10
デュプレ,11
バルザロ,12
バルジュ,13
パートン,14
ヒューズ,15
ビュイッ,16
ファーガ,17
フォーリ,18
ブドー,19
ブノワ,20
プレブル,21
ベリー,22
ボウマン,23
マクドナ,24
ムーア,25
モレイラ,26
リスポリ,27
ルメール,28
ローウィ,29
ヴェロン,30
三浦皇成,31
上野翔,32
中井裕二,33
中村将之,34
中舘英二,35
中谷雄太,36
丸山元気,37
丸田恭介,38
丹内祐次,39
二本柳壮,40
五十嵐冬,41
五十嵐雄,42
井上敏樹,43
今野忠成,44
伊藤工真,45
伴啓太,46
佐藤友則,47
内田博幸,48
加藤祥太,49
勝浦正樹,50
北村友一,51
北村宏司,52
北沢伸也,53
原田和真,54
古川吉洋,55
吉原寛人,56
吉田豊,57
吉田隼人,58
和田竜二,59
嘉藤貴行,60
四位洋文,61
国分優作,62
国分恭介,63
坂井瑠星,64
坂井英光,65
大庭和弥,66
大江原圭,67
大野拓弥,68
太宰啓介,69
宮崎北斗,70
小坂忠士,71
小島太一,72
小崎綾也,73
小林徹弥,74
小牧太,75
小野寺祐,76
山崎亮誠,77
山本康志,78
山本聡哉,79
岡田祥嗣,80
岡部誠,81
岩崎翼,82
岩田康誠,83
岩部純二,84
嶋田純次,85
川島信二,86
川田将雅,87
川須栄彦,88
左海誠二,89
平沢健治,90
平野優,91
幸英明,92
後藤浩輝,93
御神本訓,94
戸崎圭太,95
早田功駿,96
有年淳,97
木幡初也,98
木幡初広,99
木幡巧也,100
杉原誠人,101
村田一誠,102
松山弘平,103
松岡正海,104
松田大作,105
松若風馬,106
林満明,107
柴山雄一,108
柴田善臣,109
柴田大知,110
柴田未崎,111
梶晃啓,112
森一馬,113
森泰斗,114
植野貴也,115
横山典弘,116
横山和生,117
横山義行,118
武士沢友,119
武幸四郎,120
武豊,121
江田勇亮,122
江田照男,123
池添謙一,124
津村明秀,125
浜中俊,126
浜野谷憲,127
熊沢重文,128
田中健,129
田中勝春,130
田中博康,131
田村太雅,132
田辺裕信,133
畑端省吾,134
的場勇人,135
真島大輔,136
矢野貴之,137
石崎駿,138
石川裕紀,139
石橋脩,140
石神深一,141
福永祐一,142
秋山真一,143
竹之下智,144
笹川翼,145
義英真,146
草野太郎,147
荻野琢真,148
菅原隆一,149
菊沢一樹,150
菱田裕二,151
蓑島靖典,152
藤岡佑介,153
藤岡康太,154
藤懸貴志,155
藤田伸二,156
藤田菜七,157
蛯名正義,158
西村太一,159
西田雄一,160
西谷誠,161
赤岡修次,162
酒井学,163
野中悠太,164
金子光希,165
長岡禎仁,166
難波剛健,167
高倉稜,168
高田潤,169
高野和馬,170
鮫島克駿,171
鮫島良太,172
黛弘人,173
Ｃ．デム,174
Ｍ．デム,175
