グラファ,1
グリュー,2
サイズ,3
シールゲ,4
上原博之,5
中内田充,6
中尾秀正,7
中川公成,8
中村均,9
中竹和也,10
中舘英二,11
中野栄治,12
久保田貴,13
二ノ宮敬,14
二本柳俊,15
五十嵐忠,16
井上孝彦,17
今野貞一,18
伊藤伸一,19
伊藤圭三,20
伊藤大士,21
伊藤正徳,22
佐々木晶,23
佐藤吉勝,24
佐藤正雄,25
作田誠二,26
出川克己,27
加用正,28
加藤和宏,29
加藤征弘,30
加藤敬二,31
勢司和浩,32
北出成人,33
千田輝彦,34
南井克巳,35
南田美知,36
友道康夫,37
古賀史生,38
古賀慎明,39
吉村圭司,40
吉田直弘,41
和田正一,42
和田正道,43
和田雄二,44
国枝栄,45
土田稔,46
坂口正則,47
堀井雅広,48
堀宣行,49
大久保洋,50
大久保龍,51
大和田成,52
大根田裕,53
大橋勇樹,54
大江原哲,55
大竹正博,56
天間昭一,57
奥平雅士,58
奥村武,59
奥村豊,60
安田隆行,61
安達昭夫,62
宗像義忠,63
宮徹,64
宮本博,65
寺島良,66
小久保智,67
小原伊佐,68
小島太,69
小島茂之,70
小崎憲,71
小桧山悟,72
小笠倫弘,73
小西一男,74
小野幸治,75
小野次郎,76
尾形充弘,77
尾形和幸,78
尾関知人,79
山内研二,80
岡田稲男,81
岩元市三,82
岩戸孝樹,83
崎山博樹,84
嶋田幸晴,85
嶋田潤,86
川村禎彦,87
川西毅,88
平田修,89
庄野靖志,90
成島英春,91
戸田博文,92
手塚貴久,93
斉藤崇史,94
斎藤誠,95
新開幸一,96
日吉正和,97
昆貢,98
星野忍,99
服部利之,100
木原一良,101
木村哲也,102
本田優,103
本間忍,104
杉浦宏昭,105
村山明,106
松下武士,107
松元茂樹,108
松山将樹,109
松山康久,110
松永幹夫,111
松永康利,112
松永昌博,113
松田博資,114
松田国英,115
林正人,116
柄崎孝,117
柴田光陽,118
柴田政人,119
柴田政見,120
栗田博憲,121
栗田徹,122
根本康広,123
梅田康雄,124
梅田智之,125
森下淳平,126
森田直行,127
森秀行,128
橋口弘次,129
橋口慎介,130
橋田満,131
武井亮,132
武市康男,133
武田博,134
武藤善則,135
水野貴広,136
池上昌和,137
池上昌弘,138
池江泰寿,139
池添兼雄,140
池添学,141
沖芳夫,142
河内洋,143
河津裕昭,144
浅見秀一,145
浅野洋一,146
浜田多実,147
清水久詞,148
清水出美,149
清水美波,150
清水英克,151
渡辺薫彦,152
湯窪幸雄,153
瀬戸幸一,154
牧光二,155
牧浦充徳,156
牧田和弥,157
田中剛,158
田中清隆,159
田中章博,160
田島俊明,161
田所秀孝,162
田村康仁,163
畠山吉宏,164
畠山重則,165
白井寿昭,166
的場均,167
目野哲也,168
相沢郁,169
矢作芳人,170
矢野照正,171
矢野英一,172
石坂正,173
石栗龍彦,174
石橋守,175
石毛善彦,176
福島信晴,177
立花伸,178
竹内正洋,179
笹田和秀,180
米田英世,181
粕谷昌央,182
羽月友彦,183
荒川義之,184
菅原泰夫,185
菊川正達,186
菊沢隆徳,187
萩原清,188
萱野浩二,189
藤原英昭,190
藤原辰雄,191
藤岡健一,192
藤岡範士,193
藤沢則雄,194
藤沢和雄,195
蛯名利弘,196
西園正都,197
西村真幸,198
西橋豊治,199
西浦勝一,200
角居勝彦,201
角田晃一,202
谷原義明,203
谷潔,204
野中賢二,205
野村彰彦,206
金成貴史,207
鈴木伸尋,208
鈴木孝志,209
鈴木康弘,210
長浜博之,211
音無秀孝,212
須貝尚介,213
領家政蔵,214
飯田明弘,215
飯田祐史,216
飯田雄三,217
高市圭二,218
高木登,219
高柳瑞樹,220
高橋亮,221
高橋康之,222
高橋文雅,223
高橋祥泰,224
高橋義博,225
高橋義忠,226
高橋裕,227
高野友和,228
鮫島一歩,229
鷹見浩,230
鹿戸雄一,231
黒岩陽一,232
